fid,ID,rain
48,"47",400.000000000000000
51,"50",400.000000000000000
84,"83",400.000000000000000
107,"106",400.000000000000000
130,"129",400.000000000000000
